[{"num":[4],"id":[5],"quantity":1,"name":["Veggie Paradise"],"desc":["The awesome foursome with exotic veggies!"],"price":[395],"img":["https://firebasestorage.googleapis.com/v0/b/pizza-man-61510.appspot.com/o/img%2FVeggie_Paradise.webp?alt=media&token=41d36b34-d8ef-4377-9184-393edd9da9e6"]},{"num":[2],"id":[3],"quantity":1,"name":["Farmhouse"],"desc":["Delightful combo of grilled mushroom & veggies"],"price":[395],"img":["https://firebasestorage.googleapis.com/v0/b/pizza-man-61510.appspot.com/o/img%2FFarmhouse.webp?alt=media&token=7d776979-1a68-4c22-9679-66c9d82fb439"]}]